﻿<?xml version="1.0" encoding="UTF-8"?>
<!DOCTYPE años SYSTEM "tiendapedidos.dtd">
<años>
<año año="2021">
        <trimestre trim="1">
            <pedido>
              <nombre>Javier</nombre>
              <apellidos>Ahijado</apellidos>
              <teléfono>62145678</teléfono>
              <dirección>
                <calle>Serrano</calle>
                <ciudad>Madrid</ciudad>
                <código_postal>28976</código_postal>
                <provincia>Madrid</provincia>
              </dirección>
              <correo>javierahijado@gmail.com</correo>
              <fechaderegistro>2021-01-02</fechaderegistro>
              <detalle_pedido>
                <número_pedido>1</número_pedido>
                <fechadecompra>2021-01-02</fechadecompra>
                <fechadeentrega>2021-01-03</fechadeentrega>
                <total_factura>400</total_factura>
                <producto>
                  <nombre_producto>camiseta NBA Boston Celtics</nombre_producto>
                  <referencia>P0001</referencia>
                  <precio>40</precio>
                  <unidades>10</unidades>
                </producto>
              </detalle_pedido>
            </pedido>
            <pedido>
                <nombre>Pablo</nombre>
                <apellidos>García</apellidos>
                <teléfono>62158730</teléfono>
                <dirección>
                  <calle>Segovia</calle>
                  <ciudad>Madrid</ciudad>
                  <código_postal>28920</código_postal>
                  <provincia>Madrid</provincia>
                </dirección>
                <correo>pablogarcía@gmail.com</correo>
                <fechaderegistro>2021-01-05</fechaderegistro>
                <detalle_pedido>
                  <número_pedido>2</número_pedido>
                  <fechadecompra>2021-01-08</fechadecompra>
                  <fechadeentrega>2021-01-18</fechadeentrega>
                  <total_factura>300</total_factura>
                  <producto>
                    <nombre_producto>camiseta Futbol R.Madrid</nombre_producto>
                    <referencia>P0002</referencia>
                    <precio>60</precio>
                    <unidades>5</unidades>
                  </producto>
                </detalle_pedido>
            </pedido>
            <pedido>
                <nombre>Javier</nombre>
                <apellidos>Ahijado</apellidos>
                <teléfono>62145678</teléfono>
                <dirección>
                  <calle>Serrano</calle>
                  <ciudad>Madrid</ciudad>
                  <código_postal>28976</código_postal>
                  <provincia>Madrid</provincia>
                </dirección>
                <correo>javierahijado@gmail.com</correo>
                <fechaderegistro>2021-01-02</fechaderegistro>
                <detalle_pedido>
                  <número_pedido>3</número_pedido>
                  <fechadecompra>2021-01-20</fechadecompra>
                  <fechadeentrega>2021-01-28</fechadeentrega>
                  <total_factura>600</total_factura>
                  <producto>
                    <nombre_producto>camiseta NBA Sixers</nombre_producto>
                    <referencia>P0003</referencia>
                    <precio>60</precio>
                    <unidades>10</unidades>
                  </producto>
                </detalle_pedido>
            </pedido>
            <pedido>
                <nombre>Javier</nombre>
                <apellidos>Ahijado</apellidos>
                <teléfono>62145678</teléfono>
                <dirección>
                  <calle>Serrano</calle>
                  <ciudad>Madrid</ciudad>
                  <código_postal>28976</código_postal>
                  <provincia>Madrid</provincia>
                </dirección>
                <correo>javierahijado@gmail.com</correo>
                <fechaderegistro>2021-01-02</fechaderegistro>
                <detalle_pedido>
                  <número_pedido>4</número_pedido>
                  <fechadecompra>2021-02-02</fechadecompra>
                  <fechadeentrega>2021-02-03</fechadeentrega>
                  <total_factura>400</total_factura>
                  <producto>
                    <nombre_producto>camiseta Futbol Atleti</nombre_producto>
                    <referencia>P0004</referencia>
                    <precio>40</precio>
                    <unidades>10</unidades>
                  </producto>
                </detalle_pedido>
            </pedido>
            <pedido>
                <nombre>Javier</nombre>
                <apellidos>Ahijado</apellidos>
                <teléfono>62145678</teléfono>
                <dirección>
                  <calle>Serrano</calle>
                  <ciudad>Madrid</ciudad>
                  <código_postal>28976</código_postal>
                  <provincia>Madrid</provincia>
                </dirección>
                <correo>javiermoreno@gmail.com</correo>
                <fechaderegistro>2021-01-02</fechaderegistro>
                <detalle_pedido>
                  <número_pedido>5</número_pedido>
                  <fechadecompra>2021-02-12</fechadecompra>
                  <fechadeentrega>2021-02-26</fechadeentrega>
                  <total_factura>400</total_factura>
                  <producto>
                    <nombre_producto>camiseta NBA Lakers</nombre_producto>
                    <referencia>P0005</referencia>
                    <precio>40</precio>
                    <unidades>10</unidades>
                  </producto>
                </detalle_pedido>
            </pedido>
            <pedido>
                <nombre>Jaime</nombre>
                <apellidos>Perez</apellidos>
                <teléfono>66645678</teléfono>
                <dirección>
                  <calle>Margarita</calle>
                  <ciudad>Getafe</ciudad>
                  <código_postal>28920</código_postal>
                  <provincia>Madrid</provincia>
                </dirección>
                <correo>jaimeperez@gmail.com</correo>
                <fechaderegistro>2021-01-03</fechaderegistro>
                <detalle_pedido>
                  <número_pedido>6</número_pedido>
                  <fechadecompra>2021-02-10</fechadecompra>
                  <fechadeentrega>2021-02-23</fechadeentrega>
                  <total_factura>500</total_factura>
                  <producto>
                    <nombre_producto>camiseta Futbol Getafe</nombre_producto>
                    <referencia>P0006</referencia>
                    <precio>50</precio>
                    <unidades>10</unidades>
                  </producto>
                </detalle_pedido>
            </pedido>
            <pedido>
                <nombre>Javier</nombre>
                <apellidos>Ahijado</apellidos>
                <teléfono>62145678</teléfono>
                <dirección>
                  <calle>Serrano</calle>
                  <ciudad>Madrid</ciudad>
                  <código_postal>28976</código_postal>
                  <provincia>Madrid</provincia>
                </dirección>
                <correo>javierahijado@gmail.com</correo>
                <fechaderegistro>2021-01-02</fechaderegistro>
                <detalle_pedido>
                  <número_pedido>7</número_pedido>
                  <fechadecompra>2021-03-08</fechadecompra>
                  <fechadeentrega>2021-03-23</fechadeentrega>
                  <total_factura>400</total_factura>
                  <producto>
                    <nombre_producto>camiseta NBA Timerwolves</nombre_producto>
                    <referencia>P0007</referencia>
                    <precio>40</precio>
                    <unidades>10</unidades>
                  </producto>
                </detalle_pedido>
            </pedido>
            <pedido>
                <nombre>Paula</nombre>
                <apellidos>Moreno</apellidos>
                <teléfono>67645678</teléfono>
                <dirección>
                  <calle>Rambla</calle>
                  <ciudad>Barcelona</ciudad>
                  <código_postal>29976</código_postal>
                  <provincia>Barcelona</provincia>
                </dirección>
                <correo>paulamoreno@gmail.com</correo>
                <fechaderegistro>2021-03-02</fechaderegistro>
                <detalle_pedido>
                  <número_pedido>8</número_pedido>
                  <fechadecompra>2021-03-12</fechadecompra>
                  <fechadeentrega>2021-03-26</fechadeentrega>
                  <total_factura>100</total_factura>
                  <producto>
                    <nombre_producto>camiseta Futbol Valladolid</nombre_producto>
                    <referencia>P0008</referencia>
                    <precio>10</precio>
                    <unidades>10</unidades>
                  </producto>
                </detalle_pedido>
            </pedido>
            <pedido>
                <nombre>Pedro</nombre>
                <apellidos>Rodriguez</apellidos>
                <teléfono>62145800</teléfono>
                <dirección>
                  <calle>Leganes</calle>
                  <ciudad>Madrid</ciudad>
                  <código_postal>28980</código_postal>
                  <provincia>Madrid</provincia>
                </dirección>
                <correo>pedrorodriguez@gmail.com</correo>
                <fechaderegistro>2021-03-02</fechaderegistro>
                <detalle_pedido>
                  <número_pedido>9</número_pedido>
                  <fechadecompra>2021-03-12</fechadecompra>
                  <fechadeentrega>2021-03-25</fechadeentrega>
                  <total_factura>100</total_factura>
                  <producto>
                    <nombre_producto>camiseta NBA Toronto</nombre_producto>
                    <referencia>P0009</referencia>
                    <precio>10</precio>
                    <unidades>10</unidades>
                  </producto>
                </detalle_pedido>
            </pedido>
            <pedido>
              <nombre>Gavi</nombre>
              <apellidos>Paez</apellidos>
              <teléfono>66945800</teléfono>
              <dirección>
                <calle>Casteldefels</calle>
                <ciudad>Barcelona</ciudad>
                <código_postal>29980</código_postal>
                <provincia>Barcelona</provincia>
              </dirección>
              <correo>gavipaez@gmail.com</correo>
              <fechaderegistro>2021-03-02</fechaderegistro>
              <detalle_pedido>
                <número_pedido>10</número_pedido>
                <fechadecompra>2021-03-15</fechadecompra>
                <fechadeentrega>2021-03-25</fechadeentrega>
                <total_factura>100</total_factura>
                <producto>
                  <nombre_producto>camiseta Futbol Barcelona</nombre_producto>
                  <referencia>P0010</referencia>
                  <precio>10</precio>
                  <unidades>10</unidades>
                </producto>
              </detalle_pedido>
            </pedido>
        </trimestre>
        <trimestre trim="2">
          <pedido>
              <nombre>Ivan</nombre>
              <apellidos>Gomez</apellidos>
              <teléfono>64625678</teléfono>
              <dirección>
                <calle>Calderon</calle>
                <ciudad>Madrid</ciudad>
                <código_postal>28976</código_postal>
                <provincia>Madrid</provincia>
              </dirección>
              <correo>ivangomez@gmail.com</correo>
              <fechaderegistro>2021-04-02</fechaderegistro>
              <detalle_pedido>
                <número_pedido>11</número_pedido>
                <fechadecompra>2021-04-02</fechadecompra>
                <fechadeentrega>2021-04-03</fechadeentrega>
                <total_factura>400</total_factura>
                <producto>
                  <nombre_producto>camiseta NBA Philadelphia</nombre_producto>
                  <referencia>P0011</referencia>
                  <precio>40</precio>
                  <unidades>10</unidades>
                </producto>
              </detalle_pedido>
            </pedido>
            <pedido>
                <nombre>Belén</nombre>
                <apellidos>García</apellidos>
                <teléfono>62158730</teléfono>
                <dirección>
                  <calle>Cordoba</calle>
                  <ciudad>Sevilla</ciudad>
                  <código_postal>27920</código_postal>
                  <provincia>Sevilla</provincia>
                </dirección>
                <correo>belengarcía@gmail.com</correo>
                <fechaderegistro>2021-04-05</fechaderegistro>
                <detalle_pedido>
                  <número_pedido>12</número_pedido>
                  <fechadecompra>2021-04-08</fechadecompra>
                  <fechadeentrega>2021-04-18</fechadeentrega>
                  <total_factura>300</total_factura>
                  <producto>
                    <nombre_producto>camiseta Futbol Sevilla</nombre_producto>
                    <referencia>P0012</referencia>
                    <precio>60</precio>
                    <unidades>5</unidades>
                  </producto>
                </detalle_pedido>
            </pedido>
            <pedido>
                <nombre>Ivan</nombre>
                <apellidos>Gomez</apellidos>
                <teléfono>64625678</teléfono>
                <dirección>
                  <calle>Calderon</calle>
                  <ciudad>Madrid</ciudad>
                  <código_postal>28976</código_postal>
                  <provincia>Madrid</provincia>
                </dirección>
                <correo>ivangomez@gmail.com</correo>
                <fechaderegistro>2021-04-02</fechaderegistro>
                <detalle_pedido>
                  <número_pedido>13</número_pedido>
                  <fechadecompra>2021-04-20</fechadecompra>
                  <fechadeentrega>2021-04-28</fechadeentrega>
                  <total_factura>600</total_factura>
                  <producto>
                    <nombre_producto>camiseta NBA Sixers</nombre_producto>
                    <referencia>P0013</referencia>
                    <precio>60</precio>
                    <unidades>10</unidades>
                  </producto>
                </detalle_pedido>
            </pedido>
            <pedido>
                <nombre>Ivan</nombre>
                <apellidos>Gomez</apellidos>
                <teléfono>62145678</teléfono>
                <dirección>
                  <calle>Calderon</calle>
                  <ciudad>Madrid</ciudad>
                  <código_postal>28976</código_postal>
                  <provincia>Madrid</provincia>
                </dirección>
                <correo>ivangomez@gmail.com</correo>
                <fechaderegistro>2021-05-02</fechaderegistro>
                <detalle_pedido>
                  <número_pedido>14</número_pedido>
                  <fechadecompra>2021-05-12</fechadecompra>
                  <fechadeentrega>2021-05-23</fechadeentrega>
                  <total_factura>400</total_factura>
                  <producto>
                    <nombre_producto>camiseta Futbol Atleti</nombre_producto>
                    <referencia>P0014</referencia>
                    <precio>40</precio>
                    <unidades>10</unidades>
                  </producto>
                </detalle_pedido>
            </pedido>
            <pedido>
                <nombre>Virginia</nombre>
                <apellidos>Dominguez</apellidos>
                <teléfono>66645672</teléfono>
                <dirección>
                  <calle>redonda</calle>
                  <ciudad>Toledo</ciudad>
                  <código_postal>26979</código_postal>
                  <provincia>toledo</provincia>
                </dirección>
                <correo>virginiadominguez@gmail.com</correo>
                <fechaderegistro>2021-05-02</fechaderegistro>
                <detalle_pedido>
                  <número_pedido>15</número_pedido>
                  <fechadecompra>2021-05-22</fechadecompra>
                  <fechadeentrega>2021-05-26</fechadeentrega>
                  <total_factura>400</total_factura>
                  <producto>
                    <nombre_producto>camiseta NBA Lakers</nombre_producto>
                    <referencia>P0015</referencia>
                    <precio>40</precio>
                    <unidades>10</unidades>
                  </producto>
                </detalle_pedido>
            </pedido>
            <pedido>
                <nombre>Juan</nombre>
                <apellidos>Perez</apellidos>
                <teléfono>66645678</teléfono>
                <dirección>
                  <calle>Numancia</calle>
                  <ciudad>Soria</ciudad>
                  <código_postal>28924</código_postal>
                  <provincia>Soria</provincia>
                </dirección>
                <correo>juanperez@gmail.com</correo>
                <fechaderegistro>2021-05-03</fechaderegistro>
                <detalle_pedido>
                  <número_pedido>16</número_pedido>
                  <fechadecompra>2021-05-10</fechadecompra>
                  <fechadeentrega>2021-05-23</fechadeentrega>
                  <total_factura>500</total_factura>
                  <producto>
                    <nombre_producto>camiseta Futbol Valencia</nombre_producto>
                    <referencia>P0016</referencia>
                    <precio>50</precio>
                    <unidades>10</unidades>
                  </producto>
                </detalle_pedido>
            </pedido>
            <pedido>
                <nombre>Ivan</nombre>
                <apellidos>Gomez</apellidos>
                <teléfono>62145678</teléfono>
                <dirección>
                  <calle>Calderon</calle>
                  <ciudad>Madrid</ciudad>
                  <código_postal>28976</código_postal>
                  <provincia>Madrid</provincia>
                </dirección>
                <correo>ivangomez@gmail.com</correo>
                <fechaderegistro>2021-06-02</fechaderegistro>
                <detalle_pedido>
                  <número_pedido>17</número_pedido>
                  <fechadecompra>2021-06-08</fechadecompra>
                  <fechadeentrega>2021-06-23</fechadeentrega>
                  <total_factura>400</total_factura>
                  <producto>
                    <nombre_producto>camiseta NBA Timerwolves</nombre_producto>
                    <referencia>P0017</referencia>
                    <precio>40</precio>
                    <unidades>10</unidades>
                  </producto>
                </detalle_pedido>
            </pedido>
            <pedido>
                <nombre>Eduardo</nombre>
                <apellidos>Molina</apellidos>
                <teléfono>67645558</teléfono>
                <dirección>
                  <calle>Reloj</calle>
                  <ciudad>Barcelona</ciudad>
                  <código_postal>29976</código_postal>
                  <provincia>Barcelona</provincia>
                </dirección>
                <correo>eduardomolina@gmail.com</correo>
                <fechaderegistro>2021-06-02</fechaderegistro>
                <detalle_pedido>
                  <número_pedido>18</número_pedido>
                  <fechadecompra>2021-06-12</fechadecompra>
                  <fechadeentrega>2021-06-26</fechadeentrega>
                  <total_factura>100</total_factura>
                  <producto>
                    <nombre_producto>camiseta Futbol Valladolid</nombre_producto>
                    <referencia>P0018</referencia>
                    <precio>10</precio>
                    <unidades>10</unidades>
                  </producto>
                </detalle_pedido>
            </pedido>
            <pedido>
                <nombre>Sandra</nombre>
                <apellidos>Rodriguez</apellidos>
                <teléfono>62145800</teléfono>
                <dirección>
                  <calle>Leganes</calle>
                  <ciudad>Madrid</ciudad>
                  <código_postal>28980</código_postal>
                  <provincia>Madrid</provincia>
                </dirección>
                <correo>sandrarodriguez@gmail.com</correo>
                <fechaderegistro>2021-06-02</fechaderegistro>
                <detalle_pedido>
                  <número_pedido>19</número_pedido>
                  <fechadecompra>2021-06-12</fechadecompra>
                  <fechadeentrega>2021-06-25</fechadeentrega>
                  <total_factura>100</total_factura>
                  <producto>
                    <nombre_producto>camiseta NBA Toronto</nombre_producto>
                    <referencia>P0019</referencia>
                    <precio>10</precio>
                    <unidades>10</unidades>
                  </producto>
                </detalle_pedido>
            </pedido>
            <pedido>
              <nombre>Ivan</nombre>
              <apellidos>Gomez</apellidos>
              <teléfono>62145678</teléfono>
              <dirección>
                <calle>Calderon</calle>
                <ciudad>Madrid</ciudad>
                <código_postal>29980</código_postal>
                <provincia>Madrid</provincia>
              </dirección>
              <correo>ivangomez@gmail.com</correo>
              <fechaderegistro>2021-06-02</fechaderegistro>
              <detalle_pedido>
                <número_pedido>20</número_pedido>
                <fechadecompra>2021-06-15</fechadecompra>
                <fechadeentrega>2021-06-25</fechadeentrega>
                <total_factura>100</total_factura>
                <producto>
                  <nombre_producto>camiseta Futbol Barcelona</nombre_producto>
                  <referencia>P0020</referencia>
                  <precio>10</precio>
                  <unidades>10</unidades>
                </producto>
              </detalle_pedido>
            </pedido>
          </trimestre>
          <trimestre trim="3">
            <pedido>
              <nombre>Ibai</nombre>
              <apellidos>Llanos</apellidos>
              <teléfono>64005678</teléfono>
              <dirección>
                <calle>Castel</calle>
                <ciudad>Barcelona</ciudad>
                <código_postal>22980</código_postal>
                <provincia>Barcelona</provincia>
              </dirección>
              <correo>ibaillanos@gmail.com</correo>
              <fechaderegistro>2021-07-02</fechaderegistro>
              <detalle_pedido>
                <número_pedido>21</número_pedido>
                <fechadecompra>2021-07-15</fechadecompra>
                <fechadeentrega>2021-07-25</fechadeentrega>
                <total_factura>100</total_factura>
                <producto>
                  <nombre_producto>camiseta NBA Charlotte</nombre_producto>
                  <referencia>P0021</referencia>
                  <precio>10</precio>
                  <unidades>10</unidades>
                </producto>
              </detalle_pedido>
            </pedido>
            <pedido>
              <nombre>Pedro</nombre>
              <apellidos>Benito</apellidos>
              <teléfono>64005877</teléfono>
              <dirección>
                <calle>Sanse</calle>
                <ciudad>Madrid</ciudad>
                <código_postal>28910</código_postal>
                <provincia>Madrid</provincia>
              </dirección>
              <correo>pedrobenito@gmail.com</correo>
              <fechaderegistro>2021-07-02</fechaderegistro>
              <detalle_pedido>
                <número_pedido>22</número_pedido>
                <fechadecompra>2021-07-18</fechadecompra>
                <fechadeentrega>2021-07-29</fechadeentrega>
                <total_factura>200</total_factura>
                <producto>
                  <nombre_producto>camiseta Futbol Villarreal</nombre_producto>
                  <referencia>P0022</referencia>
                  <precio>20</precio>
                  <unidades>20</unidades>
                </producto>
              </detalle_pedido>
            </pedido>
            <pedido>
              <nombre>Ibai</nombre>
              <apellidos>Llanos</apellidos>
              <teléfono>64005678</teléfono>
              <dirección>
                <calle>Castel</calle>
                <ciudad>Barcelona</ciudad>
                <código_postal>22980</código_postal>
                <provincia>Barcelona</provincia>
              </dirección>
              <correo>ibaillanos@gmail.com</correo>
              <fechaderegistro>2021-07-02</fechaderegistro>
              <detalle_pedido>
                <número_pedido>23</número_pedido>
                <fechadecompra>2021-07-10</fechadecompra>
                <fechadeentrega>2021-07-25</fechadeentrega>
                <total_factura>100</total_factura>
                <producto>
                  <nombre_producto>camiseta Futbol Bilbao</nombre_producto>
                  <referencia>P0023</referencia>
                  <precio>10</precio>
                  <unidades>10</unidades>
                </producto>
              </detalle_pedido>
            </pedido>
            <pedido>
              <nombre>Ibai</nombre>
              <apellidos>Llanos</apellidos>
              <teléfono>64005678</teléfono>
              <dirección>
                <calle>Castel</calle>
                <ciudad>Barcelona</ciudad>
                <código_postal>22980</código_postal>
                <provincia>Barcelona</provincia>
              </dirección>
              <correo>ibaillanos@gmail.com</correo>
              <fechaderegistro>2021-08-02</fechaderegistro>
              <detalle_pedido>
                <número_pedido>24</número_pedido>
                <fechadecompra>2021-08-10</fechadecompra>
                <fechadeentrega>2021-08-15</fechadeentrega>
                <total_factura>100</total_factura>
                <producto>
                  <nombre_producto>camiseta NBA Chicago Bulls</nombre_producto>
                  <referencia>P0024</referencia>
                  <precio>10</precio>
                  <unidades>10</unidades>
                </producto>
              </detalle_pedido>
            </pedido>
            <pedido>
              <nombre>Susana</nombre>
              <apellidos>Benito</apellidos>
              <teléfono>64022077</teléfono>
              <dirección>
                <calle>Mostoles</calle>
                <ciudad>Madrid</ciudad>
                <código_postal>28912</código_postal>
                <provincia>Madrid</provincia>
              </dirección>
              <correo>susanabenito@gmail.com</correo>
              <fechaderegistro>2021-08-02</fechaderegistro>
              <detalle_pedido>
                <número_pedido>25</número_pedido>
                <fechadecompra>2021-08-18</fechadecompra>
                <fechadeentrega>2021-08-29</fechadeentrega>
                <total_factura>200</total_factura>
                <producto>
                  <nombre_producto>camiseta Futbol Atleti</nombre_producto>
                  <referencia>P0025</referencia>
                  <precio>20</precio>
                  <unidades>20</unidades>
                </producto>
              </detalle_pedido>
            </pedido>
            <pedido>
              <nombre>Pachi</nombre>
              <apellidos>Serrano</apellidos>
              <teléfono>66505877</teléfono>
              <dirección>
                <calle>Vitoria</calle>
                <ciudad>Bilbao</ciudad>
                <código_postal>25910</código_postal>
                <provincia>Bilbao</provincia>
              </dirección>
              <correo>pachiserrano@gmail.com</correo>
              <fechaderegistro>2021-08-02</fechaderegistro>
              <detalle_pedido>
                <número_pedido>26</número_pedido>
                <fechadecompra>2021-08-12</fechadecompra>
                <fechadeentrega>2021-08-29</fechadeentrega>
                <total_factura>200</total_factura>
                <producto>
                  <nombre_producto>camiseta NBA Dallas</nombre_producto>
                  <referencia>P0026</referencia>
                  <precio>20</precio>
                  <unidades>20</unidades>
                </producto>
              </detalle_pedido>
            </pedido>
            <pedido>
              <nombre>Ibai</nombre>
              <apellidos>Llanos</apellidos>
              <teléfono>64005678</teléfono>
              <dirección>
                <calle>Castel</calle>
                <ciudad>Barcelona</ciudad>
                <código_postal>22980</código_postal>
                <provincia>Barcelona</provincia>
              </dirección>
              <correo>ibaillanos@gmail.com</correo>
              <fechaderegistro>2021-09-02</fechaderegistro>
              <detalle_pedido>
                <número_pedido>27</número_pedido>
                <fechadecompra>2021-09-10</fechadecompra>
                <fechadeentrega>2021-09-15</fechadeentrega>
                <total_factura>100</total_factura>
                <producto>
                  <nombre_producto>camiseta Real Madrid</nombre_producto>
                  <referencia>P0027</referencia>
                  <precio>10</precio>
                  <unidades>10</unidades>
                </producto>
              </detalle_pedido>
            </pedido>
            <pedido>
              <nombre>Nuria</nombre>
              <apellidos>Hernandez</apellidos>
              <teléfono>64005678</teléfono>
              <dirección>
                <calle>rey felipe</calle>
                <ciudad>Valladolid</ciudad>
                <código_postal>22980</código_postal>
                <provincia>Valladolid</provincia>
              </dirección>
              <correo>nuriahernandez@gmail.com</correo>
              <fechaderegistro>2021-09-02</fechaderegistro>
              <detalle_pedido>
                <número_pedido>28</número_pedido>
                <fechadecompra>2021-09-10</fechadecompra>
                <fechadeentrega>2021-09-24</fechadeentrega>
                <total_factura>100</total_factura>
                <producto>
                  <nombre_producto>camiseta Futbol Valladolid</nombre_producto>
                  <referencia>P0028</referencia>
                  <precio>10</precio>
                  <unidades>10</unidades>
                </producto>
              </detalle_pedido>
            </pedido>
            <pedido>
              <nombre>Ibai</nombre>
              <apellidos>Llanos</apellidos>
              <teléfono>64005678</teléfono>
              <dirección>
                <calle>Castel</calle>
                <ciudad>Barcelona</ciudad>
                <código_postal>22980</código_postal>
                <provincia>Barcelona</provincia>
              </dirección>
              <correo>ibaillanos@gmail.com</correo>
              <fechaderegistro>2021-09-02</fechaderegistro>
              <detalle_pedido>
                <número_pedido>29</número_pedido>
                <fechadecompra>2021-09-10</fechadecompra>
                <fechadeentrega>2021-09-18</fechadeentrega>
                <total_factura>100</total_factura>
                <producto>
                  <nombre_producto>camiseta NBA Boston Celtics</nombre_producto>
                  <referencia>P0029</referencia>
                  <precio>10</precio>
                  <unidades>10</unidades>
                </producto>
              </detalle_pedido>
            </pedido>
            <pedido>
              <nombre>Carlos</nombre>
              <apellidos>Perez</apellidos>
              <teléfono>6653020</teléfono>
              <dirección>
                <calle>Extremadura</calle>
                <ciudad>Badajoz</ciudad>
                <código_postal>2180</código_postal>
                <provincia>Badajoz</provincia>
              </dirección>
              <correo>carlosperez@gmail.com</correo>
              <fechaderegistro>2021-09-02</fechaderegistro>
              <detalle_pedido>
                <número_pedido>30</número_pedido>
                <fechadecompra>2021-09-20</fechadecompra>
                <fechadeentrega>2021-09-25</fechadeentrega>
                <total_factura>100</total_factura>
                <producto>
                  <nombre_producto>camiseta Futbol Atleti</nombre_producto>
                  <referencia>P0030</referencia>
                  <precio>10</precio>
                  <unidades>10</unidades>
                </producto>
              </detalle_pedido>
            </pedido>
          </trimestre>
            <trimestre trim="4">
              <pedido>
                <nombre>Maria Jesus</nombre>
                <apellidos>Trigueros</apellidos>
                <teléfono>6253040</teléfono>
                <dirección>
                  <calle>Fontseca</calle>
                  <ciudad>Castellon</ciudad>
                  <código_postal>2790</código_postal>
                  <provincia>Castellon</provincia>
                </dirección>
                <correo>mjtrigueros@gmail.com</correo>
                <fechaderegistro>2021-10-02</fechaderegistro>
                <detalle_pedido>
                  <número_pedido>31</número_pedido>
                  <fechadecompra>2021-10-20</fechadecompra>
                  <fechadeentrega>2021-10-25</fechadeentrega>
                  <total_factura>200</total_factura>
                  <producto>
                    <nombre_producto>camiseta NBA Lakers</nombre_producto>
                    <referencia>P0031</referencia>
                    <precio>20</precio>
                    <unidades>20</unidades>
                  </producto>
                </detalle_pedido>
              </pedido>
              <pedido>
                <nombre>Miguel</nombre>
                <apellidos>Ballesteros</apellidos>
                <teléfono>62530404</teléfono>
                <dirección>
                  <calle>Toledo</calle>
                  <ciudad>Valencia</ciudad>
                  <código_postal>2720</código_postal>
                  <provincia>Valencia</provincia>
                </dirección>
                <correo>miguelballesteros@gmail.com</correo>
                <fechaderegistro>2021-10-02</fechaderegistro>
                <detalle_pedido>
                  <número_pedido>32</número_pedido>
                  <fechadecompra>2021-10-10</fechadecompra>
                  <fechadeentrega>2021-10-18</fechadeentrega>
                  <total_factura>200</total_factura>
                  <producto>
                    <nombre_producto>camiseta Futbol Valencia</nombre_producto>
                    <referencia>P0032</referencia>
                    <precio>20</precio>
                    <unidades>20</unidades>
                  </producto>
                </detalle_pedido>
              </pedido>
              <pedido>
                <nombre>Maria Jesus</nombre>
                <apellidos>Trigueros</apellidos>
                <teléfono>6253040</teléfono>
                <dirección>
                  <calle>Fontseca</calle>
                  <ciudad>Castellon</ciudad>
                  <código_postal>2790</código_postal>
                  <provincia>Castellon</provincia>
                </dirección>
                <correo>mjtrigueros@gmail.com</correo>
                <fechaderegistro>2021-10-02</fechaderegistro>
                <detalle_pedido>
                  <número_pedido>33</número_pedido>
                  <fechadecompra>2021-10-15</fechadecompra>
                  <fechadeentrega>2021-10-25</fechadeentrega>
                  <total_factura>200</total_factura>
                  <producto>
                    <nombre_producto>camiseta NBA Dallas</nombre_producto>
                    <referencia>P0033</referencia>
                    <precio>20</precio>
                    <unidades>20</unidades>
                  </producto>
                </detalle_pedido>
              </pedido>
              <pedido>
                <nombre>Marcos</nombre>
                <apellidos>Toledano</apellidos>
                <teléfono>6653040</teléfono>
                <dirección>
                  <calle>Trigo</calle>
                  <ciudad>Madrid</ciudad>
                  <código_postal>2790</código_postal>
                  <provincia>Madrid</provincia>
                </dirección>
                <correo>marcostoledano@gmail.com</correo>
                <fechaderegistro>2021-11-02</fechaderegistro>
                <detalle_pedido>
                  <número_pedido>34</número_pedido>
                  <fechadecompra>2021-11-15</fechadecompra>
                  <fechadeentrega>2021-11-25</fechadeentrega>
                  <total_factura>200</total_factura>
                  <producto>
                    <nombre_producto>camiseta NBA Dallas</nombre_producto>
                    <referencia>P0034</referencia>
                    <precio>20</precio>
                    <unidades>20</unidades>
                  </producto>
                </detalle_pedido>
              </pedido>
              <pedido>
                <nombre>Maria Jesus</nombre>
                <apellidos>Trigueros</apellidos>
                <teléfono>6253040</teléfono>
                <dirección>
                  <calle>Fontseca</calle>
                  <ciudad>Castellon</ciudad>
                  <código_postal>2790</código_postal>
                  <provincia>Castellon</provincia>
                </dirección>
                <correo>mjtrigueros@gmail.com</correo>
                <fechaderegistro>2021-11-02</fechaderegistro>
                <detalle_pedido>
                  <número_pedido>35</número_pedido>
                  <fechadecompra>2021-11-15</fechadecompra>
                  <fechadeentrega>2021-11-25</fechadeentrega>
                  <total_factura>200</total_factura>
                  <producto>
                    <nombre_producto>camiseta Futbol Getafe</nombre_producto>
                    <referencia>P0035</referencia>
                    <precio>20</precio>
                    <unidades>20</unidades>
                  </producto>
                </detalle_pedido>
              </pedido>
              <pedido>
                <nombre>Maria Jesus</nombre>
                <apellidos>Trigueros</apellidos>
                <teléfono>6253040</teléfono>
                <dirección>
                  <calle>Fontseca</calle>
                  <ciudad>Castellon</ciudad>
                  <código_postal>2790</código_postal>
                  <provincia>Castellon</provincia>
                </dirección>
                <correo>mjtrigueros@gmail.com</correo>
                <fechaderegistro>2021-11-02</fechaderegistro>
                <detalle_pedido>
                  <número_pedido>36</número_pedido>
                  <fechadecompra>2021-11-15</fechadecompra>
                  <fechadeentrega>2021-11-20</fechadeentrega>
                  <total_factura>200</total_factura>
                  <producto>
                    <nombre_producto>camiseta NBA Clipers</nombre_producto>
                    <referencia>P0036</referencia>
                    <precio>20</precio>
                    <unidades>20</unidades>
                  </producto>
                </detalle_pedido>
              </pedido>
              <pedido>
                <nombre>Alberto</nombre>
                <apellidos>Barrena</apellidos>
                <teléfono>62530402</teléfono>
                <dirección>
                  <calle>Nuñez</calle>
                  <ciudad>Galicia</ciudad>
                  <código_postal>28890</código_postal>
                  <provincia>Galicia</provincia>
                </dirección>
                <correo>albarrena@gmail.com</correo>
                <fechaderegistro>2021-12-02</fechaderegistro>
                <detalle_pedido>
                  <número_pedido>37</número_pedido>
                  <fechadecompra>2021-12-15</fechadecompra>
                  <fechadeentrega>2021-12-25</fechadeentrega>
                  <total_factura>200</total_factura>
                  <producto>
                    <nombre_producto>camiseta Futbol Deportivo de La Coruña</nombre_producto>
                    <referencia>P0037</referencia>
                    <precio>20</precio>
                    <unidades>20</unidades>
                  </producto>
                </detalle_pedido>
              </pedido>
              <pedido>
                <nombre>Maria Jesus</nombre>
                <apellidos>Trigueros</apellidos>
                <teléfono>6253040</teléfono>
                <dirección>
                  <calle>Fontseca</calle>
                  <ciudad>Castellon</ciudad>
                  <código_postal>2790</código_postal>
                  <provincia>Castellon</provincia>
                </dirección>
                <correo>mjtrigueros@gmail.com</correo>
                <fechaderegistro>2021-12-02</fechaderegistro>
                <detalle_pedido>
                  <número_pedido>38</número_pedido>
                  <fechadecompra>2021-12-15</fechadecompra>
                  <fechadeentrega>2021-12-20</fechadeentrega>
                  <total_factura>200</total_factura>
                  <producto>
                    <nombre_producto>camiseta NBA Clipers</nombre_producto>
                    <referencia>P0038</referencia>
                    <precio>20</precio>
                    <unidades>20</unidades>
                  </producto>
                </detalle_pedido>
              </pedido>
              <pedido>
                <nombre>Daniel</nombre>
                <apellidos>Lozano</apellidos>
                <teléfono>625304019</teléfono>
                <dirección>
                  <calle>Vallecas</calle>
                  <ciudad>Madrid</ciudad>
                  <código_postal>2790</código_postal>
                  <provincia>Madrid</provincia>
                </dirección>
                <correo>danilozano@gmail.com</correo>
                <fechaderegistro>2021-12-02</fechaderegistro>
                <detalle_pedido>
                  <número_pedido>39</número_pedido>
                  <fechadecompra>2021-12-17</fechadecompra>
                  <fechadeentrega>2021-12-29</fechadeentrega>
                  <total_factura>200</total_factura>
                  <producto>
                    <nombre_producto>camiseta Futbol Rayo Vallecano</nombre_producto>
                    <referencia>P0039</referencia>
                    <precio>20</precio>
                    <unidades>20</unidades>
                  </producto>
                </detalle_pedido>
              </pedido>
              <pedido>
                <nombre>Rafa</nombre>
                <apellidos>Benitez</apellidos>
                <teléfono>625302028</teléfono>
                <dirección>
                  <calle>Zamora</calle>
                  <ciudad>Madrid</ciudad>
                  <código_postal>28910</código_postal>
                  <provincia>Madrid</provincia>
                </dirección>
                <correo>rafabenitez@gmail.com</correo>
                <fechaderegistro>2021-12-02</fechaderegistro>
                <detalle_pedido>
                  <número_pedido>40</número_pedido>
                  <fechadecompra>2021-12-16</fechadecompra>
                  <fechadeentrega>2021-12-31</fechadeentrega>
                  <total_factura>200</total_factura>
                  <producto>
                    <nombre_producto>camiseta NBA Chicago Bulls</nombre_producto>
                    <referencia>P0040</referencia>
                    <precio>20</precio>
                    <unidades>20</unidades>
                  </producto>
                </detalle_pedido>
              </pedido>
              </trimestre>
    </año>
      <año año="2022">
        <trimestre trim="1">
          <pedido>
            <nombre>Francisco</nombre>
            <apellidos>Javier</apellidos>
            <teléfono>666208010</teléfono>
            <dirección>
              <calle>Serrano</calle>
              <ciudad>Madrid</ciudad>
              <código_postal>28976</código_postal>
              <provincia>Madrid</provincia>
            </dirección>
            <correo>francjavier@gmail.com</correo>
            <fechaderegistro>2022-01-02</fechaderegistro>
            <detalle_pedido>
              <número_pedido>41</número_pedido>
              <fechadecompra>2022-01-02</fechadecompra>
              <fechadeentrega>2022-01-03</fechadeentrega>
              <total_factura>400</total_factura>
              <producto>
                <nombre_producto>camiseta Futbol Liverpool</nombre_producto>
                <referencia>P0041</referencia>
                <precio>40</precio>
                <unidades>10</unidades>
              </producto>
            </detalle_pedido>
          </pedido>
          <pedido>
            <nombre>Pablo</nombre>
            <apellidos>Gonzalez</apellidos>
            <teléfono>63669730</teléfono>
            <dirección>
              <calle>Extremadura</calle>
              <ciudad>Madrid</ciudad>
              <código_postal>23940</código_postal>
              <provincia>Madrid</provincia>
            </dirección>
            <correo>pablogonzalez@gmail.com</correo>
            <fechaderegistro>2022-01-05</fechaderegistro>
            <detalle_pedido>
              <número_pedido>42</número_pedido> 
              <fechadecompra>2022-01-08</fechadecompra>
              <fechadeentrega>2022-01-18</fechadeentrega>
              <total_factura>300</total_factura>
              <producto>
                <nombre_producto>camiseta Futbol R.Madrid</nombre_producto>
                <referencia>P0042</referencia>
                <precio>60</precio>
                <unidades>5</unidades>
              </producto>
            </detalle_pedido>
        </pedido>
        <pedido>
            <nombre>Ivan</nombre>
            <apellidos>Perez</apellidos>
            <teléfono>66245678</teléfono>
            <dirección>
              <calle>Calderon</calle>
              <ciudad>Toledo</ciudad>
              <código_postal>23978</código_postal>
              <provincia>Toledo</provincia>
            </dirección>
            <correo>ivanperez@gmail.com</correo>
            <fechaderegistro>2022-01-02</fechaderegistro>
            <detalle_pedido>
              <número_pedido>43</número_pedido>
              <fechadecompra>2022-01-20</fechadecompra>
              <fechadeentrega>2022-01-28</fechadeentrega>
              <total_factura>600</total_factura>
              <producto>
                <nombre_producto>camiseta NBA Sixers</nombre_producto>
                <referencia>P0043</referencia>
                <precio>60</precio>
                <unidades>10</unidades>
              </producto>
            </detalle_pedido>
        </pedido>
        <pedido>
            <nombre>Pablo</nombre>
            <apellidos>Gonzalez</apellidos>
            <teléfono>63669730</teléfono>
            <dirección>
              <calle>Extremadura</calle>
              <ciudad>Madrid</ciudad>
              <código_postal>23940</código_postal>
              <provincia>Madrid</provincia>
            </dirección>
            <correo>pablogonzalez@gmail.com</correo>
            <fechaderegistro>2022-02-02</fechaderegistro>
            <detalle_pedido>
              <número_pedido>44</número_pedido>
              <fechadecompra>2022-02-02</fechadecompra>
              <fechadeentrega>2022-02-03</fechadeentrega>
              <total_factura>400</total_factura>
              <producto>
                <nombre_producto>camiseta Futbol Leganes</nombre_producto>
                <referencia>P0044</referencia>
                <precio>40</precio>
                <unidades>10</unidades>
              </producto>
            </detalle_pedido>
        </pedido>
        <pedido>
            <nombre>Pablo</nombre>
            <apellidos>Gonzalez</apellidos>
            <teléfono>63669730</teléfono>
            <dirección>
              <calle>Extremadura</calle>
              <ciudad>Madrid</ciudad>
              <código_postal>23940</código_postal>
              <provincia>Madrid</provincia>
            </dirección>
            <correo>pablogonzalez@gmail.com</correo>
            <fechaderegistro>2022-02-02</fechaderegistro>
            <detalle_pedido>
              <número_pedido>45</número_pedido>
              <fechadecompra>2022-02-12</fechadecompra>
              <fechadeentrega>2022-02-26</fechadeentrega>
              <total_factura>400</total_factura>
              <producto>
                <nombre_producto>camiseta NBA Suns</nombre_producto>
                <referencia>P0045</referencia>
                <precio>40</precio>
                <unidades>10</unidades>
              </producto>
            </detalle_pedido>
        </pedido>
        <pedido>
            <nombre>Mariano</nombre>
            <apellidos>Suarez</apellidos>
            <teléfono>68834678</teléfono>
            <dirección>
              <calle>Fuente</calle>
              <ciudad>Cadiz</ciudad>
              <código_postal>27450</código_postal>
              <provincia>Cadiz</provincia>
            </dirección>
            <correo>marianosuarez@gmail.com</correo>
            <fechaderegistro>2022-02-03</fechaderegistro>
            <detalle_pedido>
              <número_pedido>46</número_pedido>
              <fechadecompra>2022-02-10</fechadecompra>
              <fechadeentrega>2022-02-23</fechadeentrega>
              <total_factura>500</total_factura>
              <producto>
                <nombre_producto>camiseta Futbol Cadiz</nombre_producto>
                <referencia>P0046</referencia>
                <precio>50</precio>
                <unidades>10</unidades>
              </producto>
            </detalle_pedido>
        </pedido>
        <pedido>
            <nombre>Pablo</nombre>
            <apellidos>Gonzalez</apellidos>
            <teléfono>63669730</teléfono>
            <dirección>
              <calle>Extremadura</calle>
              <ciudad>Madrid</ciudad>
              <código_postal>23940</código_postal>
              <provincia>Madrid</provincia>
            </dirección>
            <correo>pablogonzalez@gmail.com</correo>
            <fechaderegistro>2022-03-02</fechaderegistro>
            <detalle_pedido>
              <número_pedido>47</número_pedido>
              <fechadecompra>2022-03-08</fechadecompra>
              <fechadeentrega>2022-03-23</fechadeentrega>
              <total_factura>400</total_factura>
              <producto>
                <nombre_producto>camiseta NBA Timerwolves</nombre_producto>
                <referencia>P0047</referencia>
                <precio>40</precio>
                <unidades>10</unidades>
              </producto>
            </detalle_pedido>
        </pedido>
        <pedido>
            <nombre>Paula</nombre>
            <apellidos>Molinero</apellidos>
            <teléfono>67645600</teléfono>
            <dirección>
              <calle>Juan</calle>
              <ciudad>Castellon</ciudad>
              <código_postal>29466</código_postal>
              <provincia>Castellon</provincia>
            </dirección>
            <correo>paulamolinero@gmail.com</correo>
            <fechaderegistro>2022-03-02</fechaderegistro>
            <detalle_pedido>
              <número_pedido>48</número_pedido>
              <fechadecompra>2022-03-12</fechadecompra>
              <fechadeentrega>2022-03-26</fechadeentrega>
              <total_factura>100</total_factura>
              <producto>
                <nombre_producto>camiseta Futbol Valladolid</nombre_producto>
                <referencia>P0048</referencia>
                <precio>10</precio>
                <unidades>10</unidades>
              </producto>
            </detalle_pedido>
        </pedido>
        <pedido>
            <nombre>Marta</nombre>
            <apellidos>Dominguez</apellidos>
            <teléfono>62141190</teléfono>
            <dirección>
              <calle>Domingo</calle>
              <ciudad>Madrid</ciudad>
              <código_postal>28980</código_postal>
              <provincia>Madrid</provincia>
            </dirección>
            <correo>martadominguez@gmail.com</correo>
            <fechaderegistro>2022-03-02</fechaderegistro>
            <detalle_pedido>
              <número_pedido>49</número_pedido>
              <fechadecompra>2022-03-12</fechadecompra>
              <fechadeentrega>2022-03-25</fechadeentrega>
              <total_factura>100</total_factura>
              <producto>
                <nombre_producto>camiseta NBA Toronto</nombre_producto>
                <referencia>P00049</referencia>
                <precio>10</precio>
                <unidades>10</unidades>
              </producto>
            </detalle_pedido>
        </pedido>
        <pedido>
          <nombre>Pablo</nombre>
          <apellidos>Gonzalez</apellidos>
          <teléfono>63669730</teléfono>
          <dirección>
            <calle>Extremadura</calle>
            <ciudad>Madrid</ciudad>
            <código_postal>23940</código_postal>
            <provincia>Madrid</provincia>
          </dirección>
          <correo>pablogonzalez@gmail.com</correo>
          <fechaderegistro>2022-03-02</fechaderegistro>
          <detalle_pedido>
            <número_pedido>50</número_pedido>
            <fechadecompra>2022-03-15</fechadecompra>
            <fechadeentrega>2022-03-25</fechadeentrega>
            <total_factura>100</total_factura>
            <producto>
              <nombre_producto>camiseta Futbol Barcelona</nombre_producto>
              <referencia>P0050</referencia>
              <precio>10</precio>
              <unidades>10</unidades>
            </producto>
          </detalle_pedido>
        </pedido>
    </trimestre>
    <trimestre trim="2">
      <pedido>
          <nombre>Julio</nombre>
          <apellidos>Salinas</apellidos>
          <teléfono>6462447</teléfono>
          <dirección>
            <calle>Giralda</calle>
            <ciudad>Sevilla</ciudad>
            <código_postal>28978</código_postal>
            <provincia>Sevilla</provincia>
          </dirección>
          <correo>juliosalinas@gmail.com</correo>
          <fechaderegistro>2022-04-02</fechaderegistro>
          <detalle_pedido>
            <número_pedido>51</número_pedido>
            <fechadecompra>2022-04-02</fechadecompra>
            <fechadeentrega>2022-04-03</fechadeentrega>
            <total_factura>400</total_factura>
            <producto>
              <nombre_producto>camiseta NBA Philadelphia</nombre_producto>
              <referencia>P0051</referencia>
              <precio>40</precio>
              <unidades>10</unidades>
            </producto>
          </detalle_pedido>
        </pedido>
        <pedido>
            <nombre>Ander</nombre>
            <apellidos>Ortega</apellidos>
            <teléfono>62158730</teléfono>
            <dirección>
              <calle>San Mames</calle>
              <ciudad>Bilbao</ciudad>
              <código_postal>27920</código_postal>
              <provincia>Bilbao</provincia>
            </dirección>
            <correo>anderortega@gmail.com</correo>
            <fechaderegistro>2022-04-05</fechaderegistro>
            <detalle_pedido>
              <número_pedido>52</número_pedido>
              <fechadecompra>2022-04-08</fechadecompra>
              <fechadeentrega>2022-04-18</fechadeentrega>
              <total_factura>300</total_factura>
              <producto>
                <nombre_producto>camiseta Futbol Bilbao</nombre_producto>
                <referencia>P0052</referencia>
                <precio>60</precio>
                <unidades>5</unidades>
              </producto>
            </detalle_pedido>
        </pedido>
        <pedido>
            <nombre>Julio</nombre>
            <apellidos>Salinas</apellidos>
            <teléfono>6462447</teléfono>
            <dirección>
              <calle>Giralda</calle>
              <ciudad>Sevilla</ciudad>
              <código_postal>28978</código_postal>
              <provincia>Sevilla</provincia>
            </dirección>
            <correo>juliosalinas@gmail.com</correo>
            <fechaderegistro>2022-04-02</fechaderegistro>
            <detalle_pedido>
              <número_pedido>53</número_pedido>
              <fechadecompra>2022-04-20</fechadecompra>
              <fechadeentrega>2022-04-28</fechadeentrega>
              <total_factura>600</total_factura>
              <producto>
                <nombre_producto>camiseta NBA Sixers</nombre_producto>
                <referencia>P0053</referencia>
                <precio>60</precio>
                <unidades>10</unidades>
              </producto>
            </detalle_pedido>
        </pedido>
        <pedido>
            <nombre>Julio</nombre>
            <apellidos>Salinas</apellidos>
            <teléfono>6462447</teléfono>
            <dirección>
              <calle>Giralda</calle>
              <ciudad>Sevilla</ciudad>
              <código_postal>28978</código_postal>
              <provincia>Sevilla</provincia>
            </dirección>
            <correo>juliosalinas@gmail.com</correo>
            <fechaderegistro>2022-05-02</fechaderegistro>
            <detalle_pedido>
              <número_pedido>54</número_pedido>
              <fechadecompra>2022-05-12</fechadecompra>
              <fechadeentrega>2022-05-23</fechadeentrega>
              <total_factura>400</total_factura>
              <producto>
                <nombre_producto>camiseta Futbol Atleti</nombre_producto>
                <referencia>P0054</referencia>
                <precio>40</precio>
                <unidades>10</unidades>
              </producto>
            </detalle_pedido>
        </pedido>
        <pedido>
            <nombre>Lourdes</nombre>
            <apellidos>Lozano</apellidos>
            <teléfono>62845672</teléfono>
            <dirección>
              <calle>Pinos</calle>
              <ciudad>Leganes</ciudad>
              <código_postal>28920</código_postal>
              <provincia>Leganes</provincia>
            </dirección>
            <correo>lourdeslozano@gmail.com</correo>
            <fechaderegistro>2022-05-02</fechaderegistro>
            <detalle_pedido>
              <número_pedido>55</número_pedido>
              <fechadecompra>2022-05-22</fechadecompra>
              <fechadeentrega>2022-05-26</fechadeentrega>
              <total_factura>400</total_factura>
              <producto>
                <nombre_producto>camiseta NBA Lakers</nombre_producto>
                <referencia>P0015</referencia>
                <precio>40</precio>
                <unidades>10</unidades>
              </producto>
            </detalle_pedido>
        </pedido>
        <pedido>
            <nombre>Juan</nombre>
            <apellidos>Garnizo</apellidos>
            <teléfono>63205678</teléfono>
            <dirección>
              <calle>Mexico</calle>
              <ciudad>Badajoz</ciudad>
              <código_postal>28900</código_postal>
              <provincia>Badajoz</provincia>
            </dirección>
            <correo>juangarnizo@gmail.com</correo>
            <fechaderegistro>2022-05-03</fechaderegistro>
            <detalle_pedido>
              <número_pedido>56</número_pedido>
              <fechadecompra>2022-05-10</fechadecompra>
              <fechadeentrega>2022-05-23</fechadeentrega>
              <total_factura>500</total_factura>
              <producto>
                <nombre_producto>camiseta Futbol Valencia</nombre_producto>
                <referencia>P0056</referencia>
                <precio>50</precio>
                <unidades>10</unidades>
              </producto>
            </detalle_pedido>
        </pedido>
        <pedido>
            <nombre>Julio</nombre>
            <apellidos>Salinas</apellidos>
            <teléfono>6462447</teléfono>
            <dirección>
              <calle>Giralda</calle>
              <ciudad>Sevilla</ciudad>
              <código_postal>28978</código_postal>
              <provincia>Sevilla</provincia>
            </dirección>
            <correo>juliosalinas@gmail.com</correo>
            <fechaderegistro>2022-06-02</fechaderegistro>
            <detalle_pedido>
              <número_pedido>57</número_pedido>
              <fechadecompra>2022-06-08</fechadecompra>
              <fechadeentrega>2022-06-23</fechadeentrega>
              <total_factura>400</total_factura>
              <producto>
                <nombre_producto>camiseta NBA Dallas</nombre_producto>
                <referencia>P0017</referencia>
                <precio>40</precio>
                <unidades>10</unidades>
              </producto>
            </detalle_pedido>
        </pedido>
        <pedido>
            <nombre>Nahuel</nombre>
            <apellidos>Molina</apellidos>
            <teléfono>67645898</teléfono>
            <dirección>
              <calle>Messi</calle>
              <ciudad>Rosario</ciudad>
              <código_postal>29976</código_postal>
              <provincia>Rosario</provincia>
            </dirección>
            <correo>nahuelmolina@gmail.com</correo>
            <fechaderegistro>2022-06-02</fechaderegistro>
            <detalle_pedido>
              <número_pedido>58</número_pedido>
              <fechadecompra>2022-06-12</fechadecompra>
              <fechadeentrega>2022-06-26</fechadeentrega>
              <total_factura>100</total_factura>
              <producto>
                <nombre_producto>camiseta Futbol Valladolid</nombre_producto>
                <referencia>P0058</referencia>
                <precio>10</precio>
                <unidades>10</unidades>
              </producto>
            </detalle_pedido>
        </pedido>
        <pedido>
            <nombre>Sara</nombre>
            <apellidos>Perez</apellidos>
            <teléfono>62142550</teléfono>
            <dirección>
              <calle>Leganes</calle>
              <ciudad>Madrid</ciudad>
              <código_postal>28980</código_postal>
              <provincia>Madrid</provincia>
            </dirección>
            <correo>saraperez@gmail.com</correo>
            <fechaderegistro>2022-06-02</fechaderegistro>
            <detalle_pedido>
              <número_pedido>59</número_pedido>
              <fechadecompra>2022-06-12</fechadecompra>
              <fechadeentrega>2022-06-25</fechadeentrega>
              <total_factura>100</total_factura>
              <producto>
                <nombre_producto>camiseta NBA Toronto</nombre_producto>
                <referencia>P0059</referencia>
                <precio>10</precio>
                <unidades>10</unidades>
              </producto>
            </detalle_pedido>
        </pedido>
        <pedido>
          <nombre>Julio</nombre>
          <apellidos>Salinas</apellidos>
          <teléfono>6462447</teléfono>
          <dirección>
            <calle>Giralda</calle>
            <ciudad>Sevilla</ciudad>
            <código_postal>28978</código_postal>
            <provincia>Sevilla</provincia>
          </dirección>
          <correo>juliosalinas@gmail.com</correo>
          <fechaderegistro>2022-06-02</fechaderegistro>
          <detalle_pedido>
            <número_pedido>60</número_pedido>
            <fechadecompra>2022-06-15</fechadecompra>
            <fechadeentrega>2022-06-25</fechadeentrega>
            <total_factura>100</total_factura>
            <producto>
              <nombre_producto>camiseta Futbol Barcelona</nombre_producto>
              <referencia>P0060</referencia>
              <precio>10</precio>
              <unidades>10</unidades>
            </producto>
          </detalle_pedido>
        </pedido>
      </trimestre>
      <trimestre trim="3">
        <pedido>
          <nombre>Miguel</nombre>
          <apellidos>Lozano</apellidos>
          <teléfono>66105677</teléfono>
          <dirección>
            <calle>Castel</calle>
            <ciudad>Barcelona</ciudad>
            <código_postal>22980</código_postal>
            <provincia>Barcelona</provincia>
          </dirección>
          <correo>miguelozano@gmail.com</correo>
          <fechaderegistro>2022-07-02</fechaderegistro>
          <detalle_pedido>
            <número_pedido>61</número_pedido>
            <fechadecompra>2022-07-15</fechadecompra>
            <fechadeentrega>2022-07-25</fechadeentrega>
            <total_factura>100</total_factura>
            <producto>
              <nombre_producto>camiseta NBA Charlotte</nombre_producto>
              <referencia>P0061</referencia>
              <precio>10</precio>
              <unidades>10</unidades>
            </producto>
          </detalle_pedido>
        </pedido>
        <pedido>
          <nombre>Diego</nombre>
          <apellidos>Benito</apellidos>
          <teléfono>69805877</teléfono>
          <dirección>
            <calle>Sanse</calle>
            <ciudad>Asturias</ciudad>
            <código_postal>23320</código_postal>
            <provincia>Asturias</provincia>
          </dirección>
          <correo>diegobenito@gmail.com</correo>
          <fechaderegistro>2022-07-02</fechaderegistro>
          <detalle_pedido>
            <número_pedido>62</número_pedido>
            <fechadecompra>2022-07-18</fechadecompra>
            <fechadeentrega>2022-07-29</fechadeentrega>
            <total_factura>200</total_factura>
            <producto>
              <nombre_producto>camiseta Futbol Villarreal</nombre_producto>
              <referencia>P0062</referencia>
              <precio>20</precio>
              <unidades>20</unidades>
            </producto>
          </detalle_pedido>
        </pedido>
        <pedido>
          <nombre>Diego</nombre>
          <apellidos>Benito</apellidos>
          <teléfono>69805877</teléfono>
          <dirección>
            <calle>Sanse</calle>
            <ciudad>Asturias</ciudad>
            <código_postal>23320</código_postal>
            <provincia>Asturias</provincia>
          </dirección>
          <correo>diegobenito@gmail.com</correo>
          <fechaderegistro>2022-07-02</fechaderegistro>
          <detalle_pedido>
            <número_pedido>63</número_pedido>
            <fechadecompra>2022-07-10</fechadecompra>
            <fechadeentrega>2022-07-25</fechadeentrega>
            <total_factura>100</total_factura>
            <producto>
              <nombre_producto>camiseta Futbol Bilbao</nombre_producto>
              <referencia>P0063</referencia>
              <precio>10</precio>
              <unidades>10</unidades>
            </producto>
          </detalle_pedido>
        </pedido>
        <pedido>
          <nombre>Lara</nombre>
          <apellidos>Fernandez</apellidos>
          <teléfono>65605678</teléfono>
          <dirección>
            <calle>Rioja</calle>
            <ciudad>Parla</ciudad>
            <código_postal>22980</código_postal>
            <provincia>Madrid</provincia>
          </dirección>
          <correo>larafernandez@gmail.com</correo>
          <fechaderegistro>2022-08-02</fechaderegistro>
          <detalle_pedido>
            <número_pedido>64</número_pedido>
            <fechadecompra>2022-08-10</fechadecompra>
            <fechadeentrega>2022-08-15</fechadeentrega>
            <total_factura>100</total_factura>
            <producto>
              <nombre_producto>camiseta NBA Chicago Bulls</nombre_producto>
              <referencia>P0064</referencia>
              <precio>10</precio>
              <unidades>10</unidades>
            </producto>
          </detalle_pedido>
        </pedido>
        <pedido>
          <nombre>Diego</nombre>
          <apellidos>Benito</apellidos>
          <teléfono>69805877</teléfono>
          <dirección>
            <calle>Sanse</calle>
            <ciudad>Asturias</ciudad>
            <código_postal>23320</código_postal>
            <provincia>Asturias</provincia>
          </dirección>
          <correo>diegobenito@gmail.com</correo>
          <fechaderegistro>2022-08-02</fechaderegistro>
          <detalle_pedido>
            <número_pedido>65</número_pedido>
            <fechadecompra>2022-08-18</fechadecompra>
            <fechadeentrega>2022-08-29</fechadeentrega>
            <total_factura>200</total_factura>
            <producto>
              <nombre_producto>camiseta Futbol Atleti</nombre_producto>
              <referencia>P0065</referencia>
              <precio>20</precio>
              <unidades>20</unidades>
            </producto>
          </detalle_pedido>
        </pedido>
        <pedido>
          <nombre>Rebeca</nombre>
          <apellidos>Serrano</apellidos>
          <teléfono>66235889</teléfono>
          <dirección>
            <calle>Vitoria</calle>
            <ciudad>Bilbao</ciudad>
            <código_postal>25910</código_postal>
            <provincia>Bilbao</provincia>
          </dirección>
          <correo>rebecaserrano@gmail.com</correo>
          <fechaderegistro>2022-08-02</fechaderegistro>
          <detalle_pedido>
            <número_pedido>66</número_pedido>
            <fechadecompra>2022-08-12</fechadecompra>
            <fechadeentrega>2022-08-29</fechadeentrega>
            <total_factura>200</total_factura>
            <producto>
              <nombre_producto>camiseta NBA Dallas</nombre_producto>
              <referencia>P0066</referencia>
              <precio>20</precio>
              <unidades>20</unidades>
            </producto>
          </detalle_pedido>
        </pedido>
        <pedido>
          <nombre>Diego</nombre>
          <apellidos>Benito</apellidos>
          <teléfono>69805877</teléfono>
          <dirección>
            <calle>Sanse</calle>
            <ciudad>Asturias</ciudad>
            <código_postal>23320</código_postal>
            <provincia>Asturias</provincia>
          </dirección>
          <correo>diegobenito@gmail.com</correo>
          <fechaderegistro>2022-09-02</fechaderegistro>
          <detalle_pedido>
            <número_pedido>67</número_pedido>
            <fechadecompra>2022-09-10</fechadecompra>
            <fechadeentrega>2022-09-15</fechadeentrega>
            <total_factura>100</total_factura>
            <producto>
              <nombre_producto>camiseta R.Madrid</nombre_producto>
              <referencia>P0067</referencia>
              <precio>10</precio>
              <unidades>10</unidades>
            </producto>
          </detalle_pedido>
        </pedido>
        <pedido>
          <nombre>Lucas</nombre>
          <apellidos>Hernandez</apellidos>
          <teléfono>66645672</teléfono>
          <dirección>
            <calle>Berlin</calle>
            <ciudad>Munich</ciudad>
            <código_postal>21760</código_postal>
            <provincia>Munich</provincia>
          </dirección>
          <correo>lucashernandez@gmail.com</correo>
          <fechaderegistro>2022-09-02</fechaderegistro>
          <detalle_pedido>
            <número_pedido>68</número_pedido>
            <fechadecompra>2022-09-10</fechadecompra>
            <fechadeentrega>2022-09-24</fechadeentrega>
            <total_factura>100</total_factura>
            <producto>
              <nombre_producto>camiseta Futbol Bayern</nombre_producto>
              <referencia>P0068</referencia>
              <precio>10</precio>
              <unidades>10</unidades>
            </producto>
          </detalle_pedido>
        </pedido>
        <pedido>
          <nombre>Diego</nombre>
          <apellidos>Benito</apellidos>
          <teléfono>69805877</teléfono>
          <dirección>
            <calle>Sanse</calle>
            <ciudad>Asturias</ciudad>
            <código_postal>23320</código_postal>
            <provincia>Asturias</provincia>
          </dirección>
          <correo>diegobenito@gmail.com</correo>
          <fechaderegistro>2022-09-02</fechaderegistro>
          <detalle_pedido>
            <número_pedido>69</número_pedido>
            <fechadecompra>2022-09-10</fechadecompra>
            <fechadeentrega>2022-09-18</fechadeentrega>
            <total_factura>100</total_factura>
            <producto>
              <nombre_producto>camiseta NBA Boston Celtics</nombre_producto>
              <referencia>P0069</referencia>
              <precio>10</precio>
              <unidades>10</unidades>
            </producto>
          </detalle_pedido>
        </pedido>
        <pedido>
          <nombre>Paola</nombre>
          <apellidos>Perez</apellidos>
          <teléfono>6653020</teléfono>
          <dirección>
            <calle>Extremadura</calle>
            <ciudad>Badajoz</ciudad>
            <código_postal>21805</código_postal>
            <provincia>Badajoz</provincia>
          </dirección>
          <correo>paolaperez@gmail.com</correo>
          <fechaderegistro>2022-09-02</fechaderegistro>
          <detalle_pedido>
            <número_pedido>70</número_pedido>
            <fechadecompra>2022-09-20</fechadecompra>
            <fechadeentrega>2022-09-25</fechadeentrega>
            <total_factura>100</total_factura>
            <producto>
              <nombre_producto>camiseta Futbol Atleti</nombre_producto>
              <referencia>P0070</referencia>
              <precio>10</precio>
              <unidades>10</unidades>
            </producto>
          </detalle_pedido>
        </pedido>
      </trimestre>
      <trimestre trim="4">
        <pedido>
          <nombre>Yeremy</nombre>
          <apellidos>Pino</apellidos>
          <teléfono>6653040</teléfono>
          <dirección>
            <calle>Palma</calle>
            <ciudad>Gran Canaria</ciudad>
            <código_postal>27903</código_postal>
            <provincia>Gran Canaria</provincia>
          </dirección>
          <correo>yeremypino@gmail.com</correo>
          <fechaderegistro>2022-10-02</fechaderegistro>
          <detalle_pedido>
            <número_pedido>71</número_pedido>
            <fechadecompra>2022-10-20</fechadecompra>
            <fechadeentrega>2022-10-25</fechadeentrega>
            <total_factura>200</total_factura>
            <producto>
              <nombre_producto>camiseta NBA Lakers</nombre_producto>
              <referencia>P0071</referencia>
              <precio>20</precio>
              <unidades>20</unidades>
            </producto>
          </detalle_pedido>
        </pedido>
        <pedido>
          <nombre>Ramon</nombre>
          <apellidos>Ballesteros</apellidos>
          <teléfono>6253164</teléfono>
          <dirección>
            <calle>Toledo</calle>
            <ciudad>Avila</ciudad>
            <código_postal>27220</código_postal>
            <provincia>Avila</provincia>
          </dirección>
          <correo>ramonballesteros@gmail.com</correo>
          <fechaderegistro>2022-10-02</fechaderegistro>
          <detalle_pedido>
            <número_pedido>72</número_pedido>
            <fechadecompra>2022-10-10</fechadecompra>
            <fechadeentrega>2022-10-18</fechadeentrega>
            <total_factura>200</total_factura>
            <producto>
              <nombre_producto>camiseta Futbol Valencia</nombre_producto>
              <referencia>P0072</referencia>
              <precio>20</precio>
              <unidades>20</unidades>
            </producto>
          </detalle_pedido>
        </pedido>
        <pedido>
          <nombre>Yeremy</nombre>
          <apellidos>Pino</apellidos>
          <teléfono>6653040</teléfono>
          <dirección>
            <calle>Palma</calle>
            <ciudad>Gran Canaria</ciudad>
            <código_postal>27903</código_postal>
            <provincia>Gran Canaria</provincia>
          </dirección>
          <correo>yeremypino@gmail.com</correo>
          <fechaderegistro>2022-10-02</fechaderegistro>
          <detalle_pedido>
            <número_pedido>73</número_pedido>
            <fechadecompra>2022-10-15</fechadecompra>
            <fechadeentrega>2022-10-25</fechadeentrega>
            <total_factura>200</total_factura>
            <producto>
              <nombre_producto>camiseta NBA Dallas</nombre_producto>
              <referencia>P0073</referencia>
              <precio>20</precio>
              <unidades>20</unidades>
            </producto>
          </detalle_pedido>
        </pedido>
        <pedido>
          <nombre>Alejandro</nombre>
          <apellidos>Losadas</apellidos>
          <teléfono>6648662</teléfono>
          <dirección>
            <calle>Trigo</calle>
            <ciudad>Majadahonda</ciudad>
            <código_postal>27922</código_postal>
            <provincia>Madrid</provincia>
          </dirección>
          <correo>alejandrolosadas@gmail.com</correo>
          <fechaderegistro>2022-11-02</fechaderegistro>
          <detalle_pedido>
            <número_pedido>74</número_pedido>
            <fechadecompra>2022-11-15</fechadecompra>
            <fechadeentrega>2022-11-25</fechadeentrega>
            <total_factura>200</total_factura>
            <producto>
              <nombre_producto>camiseta NBA Suns</nombre_producto>
              <referencia>P0074</referencia>
              <precio>20</precio>
              <unidades>20</unidades>
            </producto>
          </detalle_pedido>
        </pedido>
        <pedido>
          <nombre>Yeremy</nombre>
          <apellidos>Pino</apellidos>
          <teléfono>6653040</teléfono>
          <dirección>
            <calle>Palma</calle>
            <ciudad>Gran Canaria</ciudad>
            <código_postal>27903</código_postal>
            <provincia>Gran Canaria</provincia>
          </dirección>
          <correo>yeremypino@gmail.com</correo>
          <fechaderegistro>2022-11-02</fechaderegistro>
          <detalle_pedido>
            <número_pedido>75</número_pedido>
            <fechadecompra>2022-11-15</fechadecompra>
            <fechadeentrega>2022-11-25</fechadeentrega>
            <total_factura>200</total_factura>
            <producto>
              <nombre_producto>camiseta Futbol Las Palmas</nombre_producto>
              <referencia>P0075</referencia>
              <precio>20</precio>
              <unidades>20</unidades>
            </producto>
          </detalle_pedido>
        </pedido>
        <pedido>
          <nombre>Yeremy</nombre>
          <apellidos>Pino</apellidos>
          <teléfono>6653040</teléfono>
          <dirección>
            <calle>Palma</calle>
            <ciudad>Gran Canaria</ciudad>
            <código_postal>27903</código_postal>
            <provincia>Gran Canaria</provincia>
          </dirección>
          <correo>yeremypino@gmail.com</correo>
          <fechaderegistro>2022-11-02</fechaderegistro>
          <detalle_pedido>
            <número_pedido>76</número_pedido>
            <fechadecompra>2022-11-15</fechadecompra>
            <fechadeentrega>2022-11-20</fechadeentrega>
            <total_factura>200</total_factura>
            <producto>
              <nombre_producto>camiseta NBA Clipers</nombre_producto>
              <referencia>P0076</referencia>
              <precio>20</precio>
              <unidades>20</unidades>
            </producto>
          </detalle_pedido>
        </pedido>
        <pedido>
          <nombre>Antonio</nombre>
          <apellidos>Guijarro</apellidos>
          <teléfono>66430158</teléfono>
          <dirección>
            <calle>Plaza 2</calle>
            <ciudad>Bilbao</ciudad>
            <código_postal>27890</código_postal>
            <provincia>Bilbao</provincia>
          </dirección>
          <correo>antonioguija@gmail.com</correo>
          <fechaderegistro>2022-12-02</fechaderegistro>
          <detalle_pedido>
            <número_pedido>77</número_pedido>
            <fechadecompra>2022-12-15</fechadecompra>
            <fechadeentrega>2022-12-25</fechadeentrega>
            <total_factura>200</total_factura>
            <producto>
              <nombre_producto>camiseta Futbol Bilbao</nombre_producto>
              <referencia>P0037</referencia>
              <precio>20</precio>
              <unidades>20</unidades>
            </producto>
          </detalle_pedido>
        </pedido>
        <pedido>
          <nombre>Yeremy</nombre>
          <apellidos>Pino</apellidos>
          <teléfono>6653040</teléfono>
          <dirección>
            <calle>Palma</calle>
            <ciudad>Gran Canaria</ciudad>
            <código_postal>27903</código_postal>
            <provincia>Castellon</provincia>
          </dirección>
          <correo>yeremypino@gmail.com</correo>
          <fechaderegistro>2022-12-02</fechaderegistro>
          <detalle_pedido>
            <número_pedido>78</número_pedido>
            <fechadecompra>2022-12-15</fechadecompra>
            <fechadeentrega>2022-12-20</fechadeentrega>
            <total_factura>200</total_factura>
            <producto>
              <nombre_producto>camiseta NBA Cavaliers</nombre_producto>
              <referencia>P0078</referencia>
              <precio>20</precio>
              <unidades>20</unidades>
            </producto>
          </detalle_pedido>
        </pedido>
        <pedido>
          <nombre>Mario</nombre>
          <apellidos>Arbeloa</apellidos>
          <teléfono>625302265</teléfono>
          <dirección>
            <calle>Vallecas</calle>
            <ciudad>Madrid</ciudad>
            <código_postal>28910</código_postal>
            <provincia>Madrid</provincia>
          </dirección>
          <correo>marioarbeloa@gmail.com</correo>
          <fechaderegistro>2022-12-02</fechaderegistro>
          <detalle_pedido>
            <número_pedido>79</número_pedido>
            <fechadecompra>2022-12-17</fechadecompra>
            <fechadeentrega>2022-12-29</fechadeentrega>
            <total_factura>200</total_factura>
            <producto>
              <nombre_producto>camiseta Futbol Rayo Vallecano</nombre_producto>
              <referencia>P0079</referencia>
              <precio>20</precio>
              <unidades>20</unidades>
            </producto>
          </detalle_pedido>
        </pedido>
        <pedido>
          <nombre>Maria</nombre>
          <apellidos>Benitez</apellidos>
          <teléfono>666302127</teléfono>
          <dirección>
            <calle>Fuenla</calle>
            <ciudad>Madrid</ciudad>
            <código_postal>28910</código_postal>
            <provincia>Madrid</provincia>
          </dirección>
          <correo>mariabenitez@gmail.com</correo>
          <fechaderegistro>2022-12-02</fechaderegistro>
          <detalle_pedido>
            <número_pedido>80</número_pedido>
            <fechadecompra>2022-12-16</fechadecompra>
            <fechadeentrega>2022-12-31</fechadeentrega>
            <total_factura>200</total_factura>
            <producto>
              <nombre_producto>camiseta NBA Chicago Bulls</nombre_producto>
              <referencia>P0080</referencia>
              <precio>20</precio>
              <unidades>20</unidades>
            </producto>
          </detalle_pedido>
        </pedido>
        </trimestre>
    </año>

</años>
